amount,denom,address
100000000000,ushieldd,shieldd1cvp32r5wp4lfnnww3g3fytxccqnu2xcj0r2qm0sa8ekjdezlm3gzk34qtg2xscqx9r6yrhz24k3l6j88q98rexyp7dnupq66cxllvpp9v0lw0xuqf0yfhv5ksfxzv0m98upx5w
1000000,wtest_usd,shieldd1cvp32r5wp4lfnnww3g3fytxccqnu2xcj0r2qm0sa8ekjdezlm3gzk34qtg2xscqx9r6yrhz24k3l6j88q98rexyp7dnupq66cxllvpp9v0lw0xuqf0yfhv5ksfxzv0m98upx5w
2000000000,ushieldd,shieldd1akc3v3jckw5eutcqr5rhcmq6jlwqa5z7k4p3vcy46meu5sy9lux627kn74zxmxmwu6w0qe79f55vppq67zxcyqt7tcc0u5rme0f6f7xqyternr6qneck2xkaslzx5m0pf4gzgc
1000000000000000000000000,wtest_usd,shieldd1akc3v3jckw5eutcqr5rhcmq6jlwqa5z7k4p3vcy46meu5sy9lux627kn74zxmxmwu6w0qe79f55vppq67zxcyqt7tcc0u5rme0f6f7xqyternr6qneck2xkaslzx5m0pf4gzgc
1000000000000000000000000,wregulated_usd,shieldd1akc3v3jckw5eutcqr5rhcmq6jlwqa5z7k4p3vcy46meu5sy9lux627kn74zxmxmwu6w0qe79f55vppq67zxcyqt7tcc0u5rme0f6f7xqyternr6qneck2xkaslzx5m0pf4gzgc
100,gm,shieldd1akc3v3jckw5eutcqr5rhcmq6jlwqa5z7k4p3vcy46meu5sy9lux627kn74zxmxmwu6w0qe79f55vppq67zxcyqt7tcc0u5rme0f6f7xqyternr6qneck2xkaslzx5m0pf4gzgc
1,cube,shieldd1akc3v3jckw5eutcqr5rhcmq6jlwqa5z7k4p3vcy46meu5sy9lux627kn74zxmxmwu6w0qe79f55vppq67zxcyqt7tcc0u5rme0f6f7xqyternr6qneck2xkaslzx5m0pf4gzgc
1000000000,ushieldd,shieldd1kmw4mxfk5mkp6yyyylduc5ez3e6hj0ptf5f0hh86ytw7tg23y3mwh6t39zy0aqe3hjllppq7dkml2v8q7tapsv6xpsfrrhzrycadwlqhze3ggj4k25utafkhklcpj2wsa6p3y0
1000,wtest_usd,shieldd1kmw4mxfk5mkp6yyyylduc5ez3e6hj0ptf5f0hh86ytw7tg23y3mwh6t39zy0aqe3hjllppq7dkml2v8q7tapsv6xpsfrrhzrycadwlqhze3ggj4k25utafkhklcpj2wsa6p3y0
